{
  "server": "localhost:9092",
  "total_blobs": 100,
  "blob_size": 1048576,
  "concurrent": 10,
  "success_count": 200,
  "fail_count": 0,
  "total_bytes": 209715200,
  "upload_latencies": {
    "min": 35.87604199999994,
    "max": 164.063042,
    "mean": 95.33555956000001,
    "p50": 85.97164549999991,
    "p95": 153.178458,
    "p99": 164.063042
  },
  "download_latencies": {
    "min": 23.425209000000002,
    "max": 102.25691700000006,
    "mean": 64.6854783,
    "p50": 66.4585000000002,
    "p95": 88.68416700000003,
    "p99": 102.25691700000006
  }
}