{
  "server": "localhost:9092",
  "total_blobs": 500,
  "blob_size": 1024,
  "concurrent": 20,
  "success_count": 1000,
  "fail_count": 0,
  "total_bytes": 1024000,
  "upload_latencies": {
    "min": 3.2224579999999836,
    "max": 53.49845800000003,
    "mean": 10.929769918,
    "p50": 8.084042000000014,
    "p95": 28.46599999999999,
    "p99": 50.57270799999996
  },
  "download_latencies": {
    "min": 2.102375000000045,
    "max": 9.13629199999999,
    "mean": 5.843897655999997,
    "p50": 5.880416499999985,
    "p95": 7.993417000000003,
    "p99": 9.025165999999917
  }
}