{
  "server": "localhost:9092",
  "total_blobs": 50,
  "blob_size": 1048576,
  "concurrent": 5,
  "success_count": 100,
  "fail_count": 0,
  "total_bytes": 104857600,
  "upload_latencies": {
    "min": 19.620833000000005,
    "max": 107.01904200000001,
    "mean": 55.4323208,
    "p50": 43.56212500000001,
    "p95": 105.81591600000002,
    "p99": 107.01904200000001
  },
  "download_latencies": {
    "min": 20.71520799999993,
    "max": 37.116916,
    "mean": 31.03744246000001,
    "p50": 31.687396000000035,
    "p95": 32.874833000000045,
    "p99": 37.116916
  }
}