{
  "server": "localhost:9092",
  "total_actions": 50,
  "concurrent": 5,
  "success_count": 46,
  "fail_count": 4,
  "throughput": 8.390112316472845,
  "latencies": {
    "min": 103.70224999999999,
    "max": 215.92079199999992,
    "mean": 119.18791576086961,
    "p50": 110.59343750000016,
    "p95": 213.21108300000003,
    "p99": 215.92079199999992,
    "stddev": 29.657308792540896
  }
}