{
  "server": "localhost:9092",
  "total_actions": 100,
  "concurrent": 10,
  "success_count": 91,
  "fail_count": 9,
  "throughput": 8.318678831040733,
  "latencies": {
    "min": 105.06441699999996,
    "max": 215.42766700000016,
    "mean": 120.2113965824176,
    "p50": 111.71262499999912,
    "p95": 211.50358300000073,
    "p99": 215.42766700000016,
    "stddev": 28.52947102859011
  }
}