{
  "server": "localhost:9092",
  "total_actions": 100,
  "concurrent": 10,
  "success_count": 91,
  "fail_count": 9,
  "throughput": 8.467962800125518,
  "latencies": {
    "min": 105.227792,
    "max": 213.79258299999958,
    "mean": 118.09215789010992,
    "p50": 112.59341600000016,
    "p95": 211.63620799999984,
    "p99": 213.79258299999958,
    "stddev": 23.166264782645115
  }
}