{
  "server": "localhost:9092",
  "total_actions": 5,
  "concurrent": 1,
  "success_count": 5,
  "fail_count": 0,
  "throughput": 9.125715399051565,
  "latencies": {
    "min": 105.652833,
    "max": 110.92666699999998,
    "mean": 109.58045,
    "p50": 110.288,
    "p95": 110.92666699999998,
    "p99": 110.92666699999998,
    "stddev": 2.2258612924723056
  }
}