{
  "server": "localhost:9092",
  "total_requests": 500,
  "concurrent": 50,
  "cache_hits": 0,
  "cache_misses": 500,
  "errors": 0,
  "latencies_ms": {
    "min": 3.0068329999999865,
    "max": 21.55291599999998,
    "mean": 8.370380163999998,
    "p50": 7.851562499999992,
    "p95": 13.87866700000001,
    "p99": 18.065666999999994
  }
}