{
  "server": "localhost:9092",
  "total_requests": 500,
  "concurrent": 50,
  "cache_hits": 0,
  "cache_misses": 500,
  "errors": 0,
  "latencies_ms": {
    "min": 2.8326250000000055,
    "max": 20.406875000000007,
    "mean": 7.655330233999999,
    "p50": 7.227895499999984,
    "p95": 12.466875000000002,
    "p99": 16.765791000000004
  }
}